y_star;x1;x2
0.067744  ;1.005013 ;0.226128
0.034928 ;1.051271 ;2.36536
-0.013327;1.105171;4.973269 
-0.062825;1.161834;7.842381 
-0.109831;1.221403;10.99262 
-0.154011;1.284025;14.44529 
-0.195936;1.349859;18.22309 
-0.236580;1.419068;22.35031 
-0.276921;1.491825;26.85284 
-0.317740;1.568312;31.75832 
-0.397464;1.733253;42.89801 
-0.446153;1.822119;49.19721
